elapsed_time,data
11.8828,7.900925993453711e-06
11.9828,-0.00016785225307103246
12.0829,-0.0001172308693639934
12.1827,-8.706808876013383e-05
12.2828,-0.001429014839231968
12.3829,8.680061000632122e-05
12.4829,-1.1181321497133467e-05
12.5827,0.00012956194404978305
