elapsed_time,data
0.7149,47.357879638671875
0.7558,46.23130798339844
0.8048,44.49922561645508
0.8548,47.486751556396484
0.9057,43.7877311706543
0.9548,47.0723991394043
1.0048,43.523841857910156
1.0548,46.79103469848633
1.1048,44.93851852416992
1.1548,47.20379638671875
1.2048,44.22906494140625
1.2548,47.77381134033203
1.3048,45.373619079589844
1.3548,47.486751556396484
1.4048,46.79972839355469
1.4548,47.0723991394043
1.5048,45.09940719604492
1.5548,47.486751556396484
1.6048,44.93851852416992
1.6548,47.0723991394043
1.7049,44.773582458496094
1.7548,47.647560119628906
1.8048,44.66628646850586
1.8548,47.0723991394043
1.9048,44.05574035644531
1.9548,47.0723991394043
2.0049,44.66628646850586
2.0548,36.902278900146484
2.1048,34.5608024597168
2.1548,37.586910247802734
2.2047,35.485103607177734
2.2548,38.31743240356445
2.3048,35.96064376831055
2.3548,38.799381256103516
2.4048,35.0231819152832
2.4548,37.17008590698242
2.5048,34.87811279296875
2.5548,38.058753967285156
2.6048,34.7534294128418
2.6548,37.053226470947266
2.7048,35.9122428894043
2.7548,38.161617279052734
2.8049,34.83722686767578
2.8548,36.629638671875
2.9049,33.80225372314453
2.9548,37.44662094116211
3.0048,34.85620880126953
3.0548,38.46371078491211
3.1048,33.978981018066406
3.1547,38.196712493896484
3.2047,34.63187026977539
3.2548,37.74806213378906
3.3048,34.70561218261719
3.3548,36.67985534667969
3.4048,34.960906982421875
3.4547,38.30883026123047
3.5048,35.31165313720703
3.5548,37.87421417236328
3.6048,34.673118591308594
3.6548,37.63926315307617
3.7047,35.42668533325195
3.7548,38.11430358886719
3.8048,35.253196716308594
3.8548,38.3286247253418
3.9048,35.33749008178711
3.9548,38.67266082763672
4.0048,35.08551788330078
4.0548,37.94724655151367
4.1048,33.628631591796875
4.1548,36.8740119934082
4.2048,34.92473602294922
4.2548,37.36174774169922
4.3048,34.828277587890625
4.3548,39.06240463256836
4.4048,35.006107330322266
4.4548,37.510292053222656
4.5051,34.629451751708984
4.5548,38.27323913574219
4.6048,35.15180587768555
4.6548,36.24737548828125
4.7048,35.52280044555664
4.7548,37.065242767333984
4.8049,34.71444320678711
4.8548,38.25382995605469
